{"save": {"seed": 298426, "experiment": 7, "n_runs": 7}, "results": {"6_nell_sports_nell_finances": [[{"scratch": {"Learning time": 13.789, "Inference time": 1.488, "AUC PR": 0.834493, "F1": 0.745314, "Recall": 0.65251, "AUC ROC": 0.834944, "CLL": -0.489053, "Precision": [0.868895, 0.5]}, "transfer": {"Learning time": 54.314, "Inference time": 1.439, "AUC PR": 0.84134, "F1": 0.74026, "Recall": 0.660232, "Parameter Learning results": {"Learning time": 42.312, "Inference time": 1.491, "AUC PR": 0.767904, "F1": 0.729534, "Recall": 0.679537, "AUC ROC": 0.79126, "CLL": -0.544647, "Precision": [0.787472, 0.5]}, "AUC ROC": 0.83374, "Mapping results": {"Knowledge compiling time": 0.11852121353149414, "Generating mappings time": 58.580347537994385, "Possible mappings": 182315, "Finding best mapping": 162.54980158805847, "Total time": 224.65055060386658, "Generating paths time": 3.4018702507019043}, "CLL": -0.492168, "Precision": [0.842365, 0.5]}}, {"scratch": {"Learning time": 15.587, "Inference time": 1.383, "AUC PR": 0.877864, "F1": 0.797849, "Recall": 0.716216, "AUC ROC": 0.849225, "CLL": -0.467711, "Precision": [0.900485, 0.5]}, "transfer": {"Learning time": 40.89, "Inference time": 1.431, "AUC PR": 0.862432, "F1": 0.77398, "Recall": 0.677606, "Parameter Learning results": {"Learning time": 12.404, "Inference time": 1.416, "AUC PR": 0.781443, "F1": 0.738046, "Recall": 0.685328, "AUC ROC": 0.803817, "CLL": -0.53695, "Precision": [0.79955, 0.5]}, "AUC ROC": 0.832887, "Mapping results": {"Knowledge compiling time": 0.18529081344604492, "Generating mappings time": 57.72924065589905, "Possible mappings": 182315, "Finding best mapping": 163.44443202018738, "Total time": 224.72407960891724, "Generating paths time": 3.365107536315918}, "CLL": -0.486334, "Precision": [0.902314, 0.5]}}, {"scratch": {"Learning time": 16.17, "Inference time": 1.517, "AUC PR": 0.871121, "F1": 0.815047, "Recall": 0.75, "AUC ROC": 0.855422, "CLL": -0.455333, "Precision": [0.892449, 0.5]}, "transfer": {"Learning time": 14.56, "Inference time": 1.372, "AUC PR": 0.857185, "F1": 0.779058, "Recall": 0.715385, "Parameter Learning results": {"Learning time": 2.92, "Inference time": 1.597, "AUC PR": 0.777529, "F1": 0.701714, "Recall": 0.590385, "AUC ROC": 0.799554, "CLL": -0.536391, "Precision": [0.864789, 0.5]}, "AUC ROC": 0.840527, "Mapping results": {"Knowledge compiling time": 0.1901538372039795, "Generating mappings time": 57.95608043670654, "Possible mappings": 182315, "Finding best mapping": 163.1431667804718, "Total time": 224.66897225379944, "Generating paths time": 3.379563331604004}, "CLL": -0.488206, "Precision": [0.855172, 0.5]}}]], "16_cora_yago2s": [[{"scratch": {"Learning time": 654.276, "Inference time": 67.917, "AUC PR": 0.75031, "F1": 0.553134, "Recall": 0.420725, "AUC ROC": 0.71694, "CLL": -0.611491, "Precision": [0.807157, 0.5]}, "transfer": {"Learning time": 801.306, "Inference time": 80.753, "AUC PR": 0.735529, "F1": 0.52876, "Recall": 0.395337, "Parameter Learning results": {"Learning time": 412.223, "Inference time": 98.49600000000001, "AUC PR": 0.504347, "F1": 0.004137, "Recall": 0.002073, "AUC ROC": 0.50155, "CLL": -0.694667, "Precision": [1.0, 0.5]}, "AUC ROC": 0.700749, "Mapping results": {"Knowledge compiling time": 24.533186435699463, "Generating mappings time": 105.79976534843445, "Possible mappings": 441488, "Finding best mapping": 182.8750069141388, "Total time": 316.0716574192047, "Generating paths time": 2.863689661026001}, "CLL": -0.621612, "Precision": [0.798117, 0.5]}}, {"scratch": {"Learning time": 480.256, "Inference time": 98.196, "AUC PR": 0.750857, "F1": 0.520706, "Recall": 0.374611, "AUC ROC": 0.717215, "CLL": -0.60969, "Precision": [0.853601, 0.5]}, "transfer": {"Learning time": 795.697, "Inference time": 97.845, "AUC PR": 0.750263, "F1": 0.523412, "Recall": 0.373575, "Parameter Learning results": {"Learning time": 307.435, "Inference time": 98.812, "AUC PR": 0.500521, "F1": 0.005152, "Recall": 0.002591, "AUC ROC": 0.499744, "CLL": -0.694642, "Precision": [0.454545, 0.5]}, "AUC ROC": 0.713227, "Mapping results": {"Knowledge compiling time": 39.41929745674133, "Generating mappings time": 135.51947855949402, "Possible mappings": 441488, "Finding best mapping": 189.19963455200195, "Total time": 367.0898947715759, "Generating paths time": 2.9514758586883545}, "CLL": -0.611114, "Precision": [0.873939, 0.5]}}, {"scratch": {"Learning time": 728.488, "Inference time": 66.3, "AUC PR": 0.756494, "F1": 0.531554, "Recall": 0.381865, "AUC ROC": 0.722693, "CLL": -0.607783, "Precision": [0.874259, 0.5]}, "transfer": {"Learning time": 998.86, "Inference time": 101.613, "AUC PR": 0.745317, "F1": 0.504961, "Recall": 0.355959, "Parameter Learning results": {"Learning time": 186.208, "Inference time": 98.238, "AUC PR": 0.499741, "F1": NaN, "Recall": 0.0, "AUC ROC": 0.499482, "CLL": -0.695809, "Precision": [NaN, 0.5]}, "AUC ROC": 0.70915, "Mapping results": {"Knowledge compiling time": 24.111815690994263, "Generating mappings time": 104.8741729259491, "Possible mappings": 441488, "Finding best mapping": 182.54152154922485, "Total time": 314.3960506916046, "Generating paths time": 2.8685317039489746}, "CLL": -0.615827, "Precision": [0.868521, 0.5]}}]], "14_uwcse_yago2s": [[{"scratch": {"Learning time": 1870.456, "Inference time": 101.803, "AUC PR": 0.686472, "F1": 0.454824, "Recall": 0.3335, "AUC ROC": 0.662969, "CLL": -0.653301, "Precision": [0.714898, 0.5]}, "transfer": {"Learning time": 1800.038, "Inference time": 121.894, "AUC PR": 0.673256, "F1": 0.445424, "Recall": 0.3283, "Parameter Learning results": {"Learning time": 256.009, "Inference time": 98.274, "AUC PR": 0.505963, "F1": 0.004789, "Recall": 0.0024, "AUC ROC": 0.5038, "CLL": -0.694306, "Precision": [1.0, 0.5]}, "AUC ROC": 0.646954, "Mapping results": {"Knowledge compiling time": 22.74970531463623, "Generating mappings time": 0.9270775318145752, "Possible mappings": 10976, "Finding best mapping": 2.953094482421875, "Total time": 29.604313611984253, "Generating paths time": 2.9744298458099365}, "CLL": -0.657577, "Precision": [0.69247, 0.5]}}, {"scratch": {"Learning time": 857.398, "Inference time": 87.095, "AUC PR": 0.68968, "F1": 0.4626, "Recall": 0.342, "AUC ROC": 0.660959, "CLL": -0.653872, "Precision": [0.714584, 0.5]}, "transfer": {"Learning time": 846.633, "Inference time": 103.178, "AUC PR": 0.669945, "F1": 0.445898, "Recall": 0.334, "Parameter Learning results": {"Learning time": 276.39, "Inference time": 97.827, "AUC PR": 0.517169, "F1": 0.002796, "Recall": 0.0014, "AUC ROC": 0.517671, "CLL": -0.694269, "Precision": [1.0, 0.5]}, "AUC ROC": 0.644507, "Mapping results": {"Knowledge compiling time": 23.200753688812256, "Generating mappings time": 0.9391734600067139, "Possible mappings": 10976, "Finding best mapping": 2.9995317459106445, "Total time": 31.676576614379883, "Generating paths time": 4.537110090255737}, "CLL": -0.660295, "Precision": [0.670548, 0.5]}}, {"scratch": {"Learning time": 517.552, "Inference time": 101.14699999999999, "AUC PR": 0.686003, "F1": 0.461528, "Recall": 0.3383, "AUC ROC": 0.665099, "CLL": -0.654554, "Precision": [0.725966, 0.5]}, "transfer": {"Learning time": 759.615, "Inference time": 101.05799999999999, "AUC PR": 0.682406, "F1": 0.444291, "Recall": 0.3222, "Parameter Learning results": {"Learning time": 250.861, "Inference time": 96.785, "AUC PR": 0.505458, "F1": 0.005982, "Recall": 0.003, "AUC ROC": 0.501169, "CLL": -0.694163, "Precision": [1.0, 0.5]}, "AUC ROC": 0.656907, "Mapping results": {"Knowledge compiling time": 23.152112245559692, "Generating mappings time": 0.9377048015594482, "Possible mappings": 10976, "Finding best mapping": 2.980969190597534, "Total time": 31.602162837982178, "Generating paths time": 4.531369686126709}, "CLL": -0.659384, "Precision": [0.715364, 0.5]}}]], "15_cora_yago2s": [[{"scratch": {"Learning time": 643.496, "Inference time": 84.332, "AUC PR": 0.749854, "F1": 0.465468, "Recall": 0.32027, "AUC ROC": 0.72607, "CLL": -0.600603,