{"results": {"37_nell_sports_nell_finances": [[{"scratch": {"Precision": [0.903382, 0.5], "CLL": -0.56979, "AUC PR": 0.779863, "Recall": 0.361004, "Inference time": 1.928, "F1": 0.515862, "Learning time": 16.441, "AUC ROC": 0.771677}, "transfer": {"Precision": [0.770017, 0.5], "CLL": -0.504913, "AUC PR": 0.830825, "Parameter Learning results": {"Precision": [0.746667, 0.5], "CLL": -0.526937, "AUC PR": 0.806107, "Recall": 0.864865, "Inference time": 4.001, "F1": 0.801431, "Learning time": 44.428, "AUC ROC": 0.822632}, "Recall": 0.872587, "Inference time": 4.496, "F1": 0.8181, "Mapping results": {"Possible mappings": [9010, 14], "Knowledge compiling time": 0.21720266342163086, "Finding best mapping": 4.76837158203125e-07, "Generating paths time": 3.876126289367676, "Max mapping": 214358881, "Total time": 10.789498090744019, "Generating mappings time": 6.696160078048706}, "Learning time": 63.263, "AUC ROC": 0.843818}}, {"scratch": {"Precision": [0.900498, 0.5], "CLL": -0.582471, "AUC PR": 0.76962, "Recall": 0.349421, "Inference time": 1.769, "F1": 0.503477, "Learning time": 17.298, "AUC ROC": 0.755974}, "transfer": {"Precision": [0.814745, 0.5], "CLL": -0.484329, "AUC PR": 0.857521, "Parameter Learning results": {"Precision": [0.822917, 0.5], "CLL": -0.482156, "AUC PR": 0.853241, "Recall": 0.762548, "Inference time": 4.352, "F1": 0.791583, "Learning time": 15.817, "AUC ROC": 0.857057}, "Recall": 0.832046, "Inference time": 3.666, "F1": 0.823305, "Mapping results": {"Possible mappings": [9010, 14], "Knowledge compiling time": 0.17600274085998535, "Finding best mapping": 4.76837158203125e-07, "Generating paths time": 3.563126802444458, "Max mapping": 214358881, "Total time": 10.868723392486572, "Generating mappings time": 7.1295857429504395}, "Learning time": 35.123999999999995, "AUC ROC": 0.86163}}, {"scratch": {"Precision": [0.902439, 0.5], "CLL": -0.602881, "AUC PR": 0.733422, "Recall": 0.284615, "Inference time": 2.728, "F1": 0.432749, "Learning time": 41.407, "AUC ROC": 0.713406}, "transfer": {"Precision": [0.72471, 0.5], "CLL": -0.539662, "AUC PR": 0.791092, "Parameter Learning results": {"Precision": [0.717608, 0.5], "CLL": -0.555186, "AUC PR": 0.780833, "Recall": 0.830769, "Inference time": 4.254, "F1": 0.770053, "Learning time": 17.014, "AUC ROC": 0.794203}, "Recall": 0.840385, "Inference time": 2.91, "F1": 0.778272, "Mapping results": {"Possible mappings": [9010, 14], "Knowledge compiling time": 0.20821690559387207, "Finding best mapping": 7.152557373046875e-07, "Generating paths time": 3.659943103790283, "Max mapping": 214358881, "Total time": 10.252928256988525, "Generating mappings time": 6.3847596645355225}, "Learning time": 41.150999999999996, "AUC ROC": 0.804416}}]], "35_nell_sports_nell_finances": [[{"scratch": {"Precision": [0.4, 0.5], "CLL": -1.122521, "AUC PR": 0.488137, "Recall": 0.285714, "Inference time": 0.733, "F1": 0.333333, "Learning time": 3.022, "AUC ROC": 0.420918}, "transfer": {"Precision": [0.583333, 0.5], "CLL": -0.771407, "AUC PR": 0.672112, "Parameter Learning results": {"Precision": [1.0, 0.5], "CLL": -0.502179, "AUC PR": 0.901493, "Recall": 0.571429, "Inference time": 0.766, "F1": 0.727273, "Learning time": 2.279, "AUC ROC": 0.864796}, "Recall": 0.5, "Inference time": 0.719, "F1": 0.538462, "Mapping results": {"Possible mappings": [1386, 14], "Knowledge compiling time": 0.16710495948791504, "Finding best mapping": 4.76837158203125e-07, "Generating paths time": 3.1157312393188477, "Max mapping": 214358881, "Total time": 4.102425813674927, "Generating mappings time": 0.8195827007293701}, "Learning time": 4.961, "AUC ROC": 0.602041}}, {"scratch": {"Precision": [0.590909, 0.5], "CLL": -0.78395, "AUC PR": 0.565746, "Recall": 0.928571, "Inference time": 0.737, "F1": 0.722222, "Learning time": 4.316, "AUC ROC": 0.55102}, "transfer": {"Precision": [0.6, 0.5], "CLL": -0.628405, "AUC PR": 0.754135, "Parameter Learning results": {"Precision": [1.0, 0.5], "CLL": -0.569444, "AUC PR": 0.813115, "Recall": 0.357143, "Inference time": 0.776, "F1": 0.526316, "Learning time": 2.848, "AUC ROC": 0.785714}, "Recall": 0.857143, "Inference time": 0.703, "F1": 0.705882, "Mapping results": {"Possible mappings": [1386, 14], "Knowledge compiling time": 0.19462847709655762, "Finding best mapping": 4.76837158203125e-07, "Generating paths time": 2.844336986541748, "Max mapping": 214358881, "Total time": 3.886138677597046, "Generating mappings time": 0.8471662998199463}, "Learning time": 6.173, "AUC ROC": 0.696429}}, {"scratch": {"Precision": [0.75, 0.5], "CLL": -0.573941, "AUC PR": 0.832957, "Recall": 0.75, "Inference time": 0.714, "F1": 0.75, "Learning time": 2.585, "AUC ROC": 0.775391}, "transfer": {"Precision": [0.818182, 0.5], "CLL": -0.595166, "AUC PR": 0.818356, "Parameter Learning results": {"Precision": [1.0, 0.5], "CLL": -0.563006, "AUC PR": 0.81396, "Recall": 0.4375, "Inference time": 0.702, "F1": 0.608696, "Learning time": 1.991, "AUC ROC": 0.755859}, "Recall": 0.5625, "Inference time": 0.615, "F1": 0.666667, "Mapping results": {"Possible mappings": [1386, 14], "Knowledge compiling time": 0.20649123191833496, "Finding best mapping": 4.76837158203125e-07, "Generating paths time": 2.855226516723633, "Max mapping": 214358881, "Total time": 3.930833339691162, "Generating mappings time": 0.8691086769104004}, "Learning time": 4.123, "AUC ROC": 0.765625}}]]}, "save": {"experiment": 2, "seed": 441773, "n_runs": 2}}