{"save": {"seed": 441773, "n_runs": 2, "experiment": 2}, "results": {"35_nell_sports_nell_finances": [[{"transfer": {"Precision": [0.529412, 0.5], "Recall": 0.642857, "F1": 0.580645, "Mapping results": {"Possible mappings": 44100, "Generating paths time": 4.425286293029785, "Total time": 50.091065645217896, "Knowledge compiling time": 0.2599656581878662, "Generating mappings time": 9.262627124786377, "Finding best mapping": 36.143174171447754}, "CLL": -0.659881, "Learning time": 5.4830000000000005, "Parameter Learning results": {"Precision": [1.0, 0.5], "Recall": 0.571429, "F1": 0.727273, "CLL": -0.574723, "Learning time": 2.622, "Inference time": 0.968, "AUC ROC": 0.691327, "AUC PR": 0.798432}, "Inference time": 0.729, "AUC ROC": 0.686224, "AUC PR": 0.815284}, "scratch": {"Precision": [0.5, 0.5], "Recall": 0.714286, "F1": 0.588235, "CLL": -0.721787, "Learning time": 3.206, "Inference time": 0.698, "AUC ROC": 0.55102, "AUC PR": 0.604211}}, {"transfer": {"Precision": [0.833333, 0.5], "Recall": 0.357143, "F1": 0.5, "Mapping results": {"Possible mappings": 44100, "Generating paths time": 3.3155014514923096, "Total time": 48.9948992729187, "Knowledge compiling time": 0.17889714241027832, "Generating mappings time": 8.773021697998047, "Finding best mapping": 36.72747039794922}, "CLL": -0.595898, "Learning time": 5.1129999999999995, "Parameter Learning results": {"Precision": [0.833333, 0.5], "Recall": 0.357143, "F1": 0.5, "CLL": -0.670176, "Learning time": 2.447, "Inference time": 1.183, "AUC ROC": 0.59949, "AUC PR": 0.633566}, "Inference time": 0.763, "AUC ROC": 0.752551, "AUC PR": 0.788518}, "scratch": {"Precision": [0.545455, 0.5], "Recall": 0.428571, "F1": 0.48, "CLL": -0.559059, "Learning time": 3.387, "Inference time": 0.847, "AUC ROC": 0.691327, "AUC PR": 0.732008}}, {"transfer": {"Precision": [0.65, 0.5], "Recall": 0.8125, "F1": 0.722222, "Mapping results": {"Possible mappings": 44100, "Generating paths time": 3.4889893531799316, "Total time": 48.51827430725098, "Knowledge compiling time": 0.18169808387756348, "Generating mappings time": 8.658203363418579, "Finding best mapping": 36.18937373161316}, "CLL": -0.612977, "Learning time": 4.616, "Parameter Learning results": {"Precision": [1.0, 0.5], "Recall": 0.4375, "F1": 0.608696, "CLL": -0.579967, "Learning time": 2.172, "Inference time": 0.57, "AUC ROC": 0.722656, "AUC PR": 0.79438}, "Inference time": 0.726, "AUC ROC": 0.8125, "AUC PR": 0.841048}, "scratch": {"Precision": [0.65, 0.5], "Recall": 0.8125, "F1": 0.722222, "CLL": -0.613165, "Learning time": 3.138, "Inference time": 0.855, "AUC ROC": 0.8125, "AUC PR": 0.841048}}]], "37_nell_sports_nell_finances": [[{"transfer": {"Precision": [0.969697, 0.5], "Recall": 0.185328, "F1": 0.311183, "Mapping results": {"Possible mappings": 339259, "Generating paths time": 2.691469430923462, "Total time": 305.8153066635132, "Knowledge compiling time": 0.11834001541137695, "Generating mappings time": 25.6304874420166, "Finding best mapping": 277.3750002384186}, "CLL": -0.663999, "Learning time": 191.407, "Parameter Learning results": {"Precision": [NaN, 0.5], "Recall": 0.0, "F1": NaN, "CLL": -0.695026, "Learning time": 40.011, "Inference time": 9.669, "AUC ROC": 0.5, "AUC PR": 0.5}, "Inference time": 21.872, "AUC ROC": 0.642566, "AUC PR": 0.680786}, "scratch": {"Precision": [0.907407, 0.5], "Recall": 0.283784, "F1": 0.432353, "CLL": -0.619345, "Learning time": 14.085, "Inference time": 1.585, "AUC ROC": 0.727451, "AUC PR": 0.749252}}, {"transfer": {"Precision": [0.855556, 0.5], "Recall": 0.297297, "F1": 0.441261, "Mapping results": {"Possible mappings": 339259, "Generating paths time": 3.5112571716308594, "Total time": 318.5485544204712, "Knowledge compiling time": 0.16234827041625977, "Generating mappings time": 26.481505870819092, "Finding best mapping": 288.3934338092804}, "CLL": -0.639734, "Learning time": 129.1, "Parameter Learning results": {"Precision": [NaN, 0.5], "Recall": 0.0, "F1": NaN, "CLL": -0.695026, "Learning time": 31.382, "Inference time": 7.599, "AUC ROC": 0.5, "AUC PR": 0.5}, "Inference time": 18.194, "AUC ROC": 0.711062, "AUC PR": 0.727196}, "scratch": {"Precision": [0.877193, 0.5], "Recall": 0.289575, "F1": 0.435414, "CLL": -0.60666, "Learning time": 12.392, "Inference time": 1.444, "AUC ROC": 0.716704, "AUC PR": 0.736469}}, {"transfer": {"Precision": [0.983051, 0.5], "Recall": 0.111538, "F1": 0.200345, "Mapping results": {"Possible mappings": 339259, "Generating paths time": 3.414902687072754, "Total time": 325.89604687690735, "Knowledge compiling time": 0.17680859565734863, "Generating mappings time": 26.639649629592896, "Finding best mapping": 295.66467690467834}, "CLL": -0.677904, "Learning time": 168.31, "Parameter Learning results": {"Precision": [NaN, 0.5], "Recall": 0.0, "F1": NaN, "CLL": -0.695026, "Learning time": 41.117, "Inference time": 7.463, "AUC ROC": 0.5, "AUC PR": 0.5}, "Inference time": 20.767, "AUC ROC": 0.596047, "AUC PR": 0.630842}, "scratch": {"Precision": [0.907801, 0.5], "Recall": 0.246154, "F1": 0.387292, "CLL": -0.633065, "Learning time": 12.61, "Inference time": 1.371, "AUC ROC": 0.694029, "AUC PR": 0.72339}}]]}}