{"results": {"6_nell_sports_nell_finances": [[{"scratch": {"AUC ROC": 0.82107, "Recall": 0.612857, "Precision": [0.823417, 0.5], "Inference time": 1.654, "F1": 0.702703, "AUC PR": 0.73151, "CLL": -0.444475, "Learning time": 8.313}, "transfer": {"AUC ROC": 0.828112, "Recall": 0.635714, "Parameter Learning results": {"AUC ROC": 0.795992, "Recall": 0.611429, "Precision": [0.737931, 0.5], "Inference time": 2.279, "F1": 0.66875, "AUC PR": 0.661929, "CLL": -0.479496, "Learning time": 4.695}, "Precision": [0.794643, 0.5], "Inference time": 1.691, "Mapping results": {"Finding best mapping": 156.32170844078064, "Generating paths time": 3.544086456298828, "Total time": 184.23661732673645, "Knowledge compiling time": 0.11860871315002441, "Possible mappings": 182315, "Generating mappings time": 24.252204418182373}, "F1": 0.706349, "AUC PR": 0.747863, "CLL": -0.441016, "Learning time": 12.309000000000001}}, {"scratch": {"AUC ROC": 0.827859, "Recall": 0.641429, "Precision": [0.851992, 0.5], "Inference time": 1.606, "F1": 0.731866, "AUC PR": 0.784128, "CLL": -0.426694, "Learning time": 10.898}, "transfer": {"AUC ROC": 0.829373, "Recall": 0.618571, "Parameter Learning results": {"AUC ROC": 0.813121, "Recall": 0.627143, "Precision": [0.742809, 0.5], "Inference time": 2.056, "F1": 0.680093, "AUC PR": 0.685175, "CLL": -0.476436, "Learning time": 17.694}, "Precision": [0.845703, 0.5], "Inference time": 1.905, "Mapping results": {"Finding best mapping": 160.68998908996582, "Generating paths time": 3.439023017883301, "Total time": 189.28208088874817, "Knowledge compiling time": 0.18303513526916504, "Possible mappings": 182315, "Generating mappings time": 24.970024585723877}, "F1": 0.714521, "AUC PR": 0.783926, "CLL": -0.432649, "Learning time": 30.345}}, {"scratch": {"AUC ROC": 0.836696, "Recall": 0.652857, "Precision": [0.854206, 0.5], "Inference time": 1.737, "F1": 0.740081, "AUC PR": 0.800226, "CLL": -0.418385, "Learning time": 9.358}, "transfer": {"AUC ROC": 0.836675, "Recall": 0.67, "Parameter Learning results": {"AUC ROC": 0.81774, "Recall": 0.622857, "Precision": [0.768959, 0.5], "Inference time": 2.033, "F1": 0.68824, "AUC PR": 0.691104, "CLL": -0.470664, "Learning time": 5.563}, "Precision": [0.840502, 0.5], "Inference time": 1.602, "Mapping results": {"Finding best mapping": 155.60174322128296, "Generating paths time": 3.453634738922119, "Total time": 183.5385172367096, "Knowledge compiling time": 0.19193243980407715, "Possible mappings": 182315, "Generating mappings time": 24.291199684143066}, "F1": 0.745628, "AUC PR": 0.793136, "CLL": -0.421166, "Learning time": 14.794}}, {"scratch": {"AUC ROC": 0.827342, "Recall": 0.645714, "Precision": [0.786087, 0.5], "Inference time": 2.091, "F1": 0.70902, "AUC PR": 0.771451, "CLL": -0.439553, "Learning time": 10.756}, "transfer": {"AUC ROC": 0.823416, "Recall": 0.654286, "Parameter Learning results": {"AUC ROC": 0.810881, "Recall": 0.65, "Precision": [0.744681, 0.5], "Inference time": 1.874, "F1": 0.694127, "AUC PR": 0.676581, "CLL": -0.475839, "Learning time": 4.103}, "Precision": [0.771044, 0.5], "Inference time": 1.848, "Mapping results": {"Finding best mapping": 159.99389696121216, "Generating paths time": 3.430914878845215, "Total time": 187.93059158325195, "Knowledge compiling time": 0.19112443923950195, "Possible mappings": 182315, "Generating mappings time": 24.314646005630493}, "F1": 0.707883, "AUC PR": 0.76769, "CLL": -0.444122, "Learning time": 15.82}}, {"scratch": {"AUC ROC": 0.835693, "Recall": 0.617143, "Precision": [0.784029, 0.5], "Inference time": 1.572, "F1": 0.690647, "AUC PR": 0.758933, "CLL": -0.443557, "Learning time": 12.0}, "transfer": {"AUC ROC": 0.829773, "Recall": 0.604286, "Parameter Learning results": {"AUC ROC": 0.803735, "Recall": 0.607143, "Precision": [0.760286, 0.5], "Inference time": 2.119, "F1": 0.675139, "AUC PR": 0.680791, "CLL": -0.484864, "Learning time": 11.608}, "Precision": [0.786245, 0.5], "Inference time": 1.695, "Mapping results": {"Finding best mapping": 155.81954836845398, "Generating paths time": 3.4254372119903564, "Total time": 184.60799431800842, "Knowledge compiling time": 0.1926126480102539, "Possible mappings": 182315, "Generating mappings time": 25.170387506484985}, "F1": 0.68336, "AUC PR": 0.764797, "CLL": -0.450841, "Learning time": 23.465}}, {"scratch": {"AUC ROC": 0.794714, "Recall": 0.601429, "Precision": [0.891949, 0.5], "Inference time": 1.835, "F1": 0.71843, "AUC PR": 0.777537, "CLL": -0.442803, "Learning time": 14.893}, "transfer": {"AUC ROC": 0.807442, "Recall": 0.628571, "Parameter Learning results": {"AUC ROC": 0.772924, "Recall": 0.56, "Precision": [0.758221, 0.5], "Inference time": 1.608, "F1": 0.644207, "AUC PR": 0.649902, "CLL": -0.509128, "Learning time": 6.306}, "Precision": [0.874751, 0.5], "Inference time": 1.695, "Mapping results": {"Finding best mapping": 154.49330043792725, "Generating paths time": 3.426754951477051, "Total time": 182.34263610839844, "Knowledge compiling time": 0.19126367568969727, "Possible mappings": 182315, "Generating mappings time": 24.23131012916565}, "F1": 0.731505, "AUC PR": 0.790681, "CLL": -0.438423, "Learning time": 21.97}}, {"scratch": {"AUC ROC": 0.834437, "Recall": 0.621429, "Precision": [0.849609, 0.5], "Inference time": 1.732, "F1": 0.717822, "AUC PR": 0.78798, "CLL": -0.42867, "Learning time": 13.091}, "transfer": {"AUC ROC": 0.84102, "Recall": 0.628571, "Parameter Learning results": {"AUC ROC": 0.815041, "Recall": 0.605714, "Precision": [0.754448, 0.5], "Inference time": 1.911, "F1": 0.671949, "AUC PR": 0.690155, "CLL": -0.472018, "Learning time": 6.921}, "Precision": [0.827068, 0.5], "Inference time": 2.065, "Mapping results": {"Finding best mapping": 161.1338300704956, "Generating paths time": 3.405611038208008, "Total time": 189.40994477272034, "Knowledge compiling time": 0.19133424758911133, "Possible mappings": 182315, "Generating mappings time": 24.679161310195923}, "F1": 0.714286, "AUC PR": 0.79775, "CLL": -0.427699, "Learning time": 20.103}}, {"scratch": {"AUC ROC": 0.838901, "Recall": 0.64, "Precision": [0.868217, 0.5], "Inference time": 1.824, "F1": 0.736842, "AUC PR": 0.785786, "CLL": -0.415435, "Learning time": 9.895}, "transfer": {"AUC ROC": 0.841625, "Recall": 0.641429, "Parameter Learning results": {"AUC ROC": 0.807976, "Recall": 0.605714, "Precision": [0.770909, 0.5], "Inference time": 1.834, "F1": 0.6784, "AUC PR": 0.681103, "CLL": -0.479771, "Learning time": 5.005}, "Precision": [0.868472, 0.5], "Inference time": 1.779, "Mapping results": {"Finding best mapping": 161.0917365550995, "Generating paths time": 3.439608097076416, "Total time": 189.03251814842224, "Knowledge compiling time": 0.1958141326904297, "Possible mappings": 182315, "Generating mappings time": 24.305351734161377}, "F1": 0.73788, "AUC PR": 0.797643, "CLL": -0.419503, "Learning time": 13.408000000000001}}, {"scratch": {"AUC ROC": 0.84982, "Recall": 0.642857, "Precision": [0.858779, 0.5], "Inference time": 1.72, "F1": 0.735294, "AUC PR": 0.814518, "CLL": -0.415227, "Learning time": 17.538}, "transfer": {"AUC ROC": 0.843206, "Recall": 0.631429, "Parameter Learning results": {"AUC ROC": 0.814381, "Recall": 0.55, "Precision": [0.785714, 0.5], "Inference time": 2.011, "F1": 0.647059, "AUC PR": 0.69492, "CLL": -0.483547, "Learning time": 6.813}, "Precision": [0.870079, 0.5], "Inference time": 1.995, "Mapping results": {"Finding best mapping": 156.99374508857727, "Generating paths time": 3.456063747406006, "Total time": 184.9742772579193, "Knowledge compiling time": 0.1935410499572754, "Possible mappings": 182315, "Generating mappings time": 24.33091974258423}, "F1": 0.731788, "AUC PR": 0.807909, "CLL": -0.418463, "Learning time": 22.302}}, {"scratch": {"AUC ROC": 0.81891, "Recall": 0.623932, "Precision": [0.790614, 0.5], "Inference time": 1.762, "F1": 0.697452, "AUC PR": 0.78371, "CLL": -0.439209, "Learning time": 11.53}, "transfer": {"AUC ROC": 0.825035, "Recall": 0.652422, "Parameter Learning results": {"AUC ROC": 0.801462,